X1,X2,X3,X4,X5,X6,X7,X8
Polling agency,Date published,Sample size,Margin of error,,,,Lead
Polling agency,Date published,Sample size,Margin of error,NDA,INDIA,Others,Lead
2024 election results,2024 election results,2024 election results,2024 election results,293,234,16,NDA
TV9 Bharatvarsh - People's Insight - Polstrat,April 2024[25],"2,500,000",3%,362,149,32,NDA
ABP News-CVoter,April 2024[1],"57,566",±3–5%,373,155,15,NDA
Times Now-ETG,April 2024[26],"271,292[27]",±3%,384,118,41,NDA
News18,March 2024[28],"118,616[29]",±4%,411,105,27,NDA
ABP News-CVoter,March 2024[30],"41,762",±5%,366,156,21,NDA
India TV-CNX,March 2024[31],"162,900[32]",±3%,378,98,67,NDA
Times Now-ETG,March 2024[33],"323,357",±3%,358–398,110–130,40–50,NDA
Zee News-Matrize,February 2024[7],"167,843",±2%,377,93,73,NDA
India Today-CVoter,February 2024[34],"149,092[35]",±3–5%,335,166,42,NDA
Times Now-ETG,February 2024[36],"156,843",±2%,366,104,73,NDA
ABP-CVoter,December 2023[12],"200,000",±3–5%,295–335,165–205,35–65,NDA
Times Now-ETG,December 2023[13][14],"147,231",±3%,319–339,148–168,52–61,NDA
India TV-CNX,October 2023[16][17],"54,250",±3%,315,172,56,NDA
Times Now-ETG,October 2023[18],"135,100",±3%,297–317,165–185,57–65,NDA
Times Now-ETG,August 2023[37][21],"110,662",±3%,296–326,160–190,56–64,NDA
India Today-CVoter,August 2023[23],"160,438",±3–5%,306,193,54,NDA
Formation of the big-tent INDIA opposition bloc,Formation of the big-tent INDIA opposition bloc,Formation of the big-tent INDIA opposition bloc,Formation of the big-tent INDIA opposition bloc,Formation of the big-tent INDIA opposition bloc,Formation of the big-tent INDIA opposition bloc,Formation of the big-tent INDIA opposition bloc,Formation of the big-tent INDIA opposition bloc
India Today-CVoter,January 2023[38],"140,917",±3–5%,298,153,92,NDA
2019 election results,2019 election results,2019 election results,2019 election results,353,91,99,NDA
